sex_code,year,month,state
M,2015,8,CT
F,2015,8,CT
M,2015,10,CT
F,2015,4,CT
M,2015,3,CT
M,2015,9,CT
M,2015,5,CT
M,2015,7,CT
F,2015,7,CT
M,2015,1,CT
M,2015,8,CT
M,2015,8,CT
M,2015,4,CT
F,2015,4,CT
M,2015,4,CT
F,2015,5,CT
F,2015,8,CT
M,2015,5,CT
F,2015,7,CT
M,2015,10,CT
M,2015,8,CT
M,2015,3,CT
M,2015,6,CT
M,2015,1,CT
M,2015,1,CT
F,2015,1,CT
M,2015,9,CT
F,2015,9,CT
F,2015,7,CT
M,2015,1,CT
F,2015,8,CT
M,2015,2,CT
M,2015,2,CT
M,2015,7,CT
F,2015,11,CT
F,2015,10,CT
M,2015,1,CT
M,2015,2,CT
M,2015,8,CT
M,2016,3,CT
M,2015,4,CT
M,2015,11,CT
F,2015,9,CT
M,2015,9,CT
M,2015,1,CT
M,2015,1,CT
M,2015,1,CT
M,2015,3,CT
F,2015,6,CT
M,2015,6,CT
M,2015,6,CT
M,2015,6,CT
M,2015,10,CT
M,2015,10,CT
M,2015,10,CT
M,2015,10,CT
M,2015,10,CT
F,2015,5,CT
M,2015,5,CT
F,2015,5,CT
M,2015,5,CT
M,2015,5,CT
M,2015,2,CT
M,2015,11,CT
M,2015,11,CT
M,2015,11,CT
F,2015,11,CT
F,2015,11,CT
M,2015,6,CT
M,2015,6,CT
M,2015,6,CT
M,2015,10,CT
M,2015,11,CT
M,2015,6,CT
F,2015,1,CT
M,2015,1,CT
M,2015,1,CT
M,2015,1,CT
M,2015,12,CT
M,2015,2,CT
M,2015,2,CT
F,2015,3,CT
F,2015,3,CT
M,2015,3,CT
M,2015,4,CT
F,2015,8,CT
M,2015,8,CT
M,2015,8,CT
F,2015,9,CT
M,2015,7,CT
M,2015,3,CT
M,2015,10,CT
M,2015,9,CT
M,2015,5,CT
M,2015,8,CT
M,2015,11,CT
M,2015,11,CT
M,2015,11,CT
F,2015,3,CT
M,2015,7,CT
M,2015,10,CT
M,2015,8,CT
F,2015,6,CT
F,2015,5,CT
M,2015,3,CT
F,2015,12,CT
M,2015,12,CT
M,2015,1,CT
F,2015,12,CT
M,2015,11,CT
M,2015,6,CT
M,2015,4,CT
M,2015,4,CT
M,2015,4,CT
M,2015,4,CT
M,2015,4,CT
M,2015,4,CT
M,2015,4,CT
M,2015,4,CT
M,2015,1,CT
M,2015,1,CT
M,2015,1,CT
M,2015,2,CT
M,2015,2,CT
M,2015,2,CT
M,2015,3,CT
M,2015,10,CT
F,2015,10,CT
F,2016,2,CT
M,2015,10,CT
M,2015,10,CT
M,2015,10,CT
F,2015,10,CT
M,2015,10,CT
M,2015,10,CT
M,2016,6,CT
M,2015,10,CT
M,2015,10,CT
M,2015,9,CT
M,2015,9,CT
M,2015,9,CT
F,2016,2,CT
M,2015,9,CT
M,2015,9,CT
F,2015,9,CT
M,2015,12,CT
M,2015,12,CT
M,2015,12,CT
M,2015,11,CT
F,2015,11,CT
M,2015,11,CT
M,2015,11,CT
M,2015,11,CT
M,2015,11,CT
M,2015,11,CT
M,2015,11,CT
M,2015,7,CT
F,2015,7,CT
M,2015,7,CT
M,2015,7,CT
M,2015,7,CT
M,2015,7,CT
M,2015,7,CT
F,2015,5,CT
M,2015,5,CT
M,2015,5,CT
M,2015,8,CT
M,2015,8,CT
M,2016,3,CT
F,2015,8,CT
M,2015,8,CT
F,2015,8,CT
M,2015,3,CT
M,2015,3,CT
M,2015,3,CT
M,2015,6,CT
F,2015,6,CT
M,2015,6,CT
M,2015,6,CT
F,2015,6,CT
M,2015,6,CT
M,2015,6,CT
M,2015,6,CT
M,2015,11,CT
M,2015,3,CT
M,2015,3,CT
M,2015,12,CT
M,2015,3,CT
M,2015,8,CT
M,2015,11,CT
M,2015,7,CT
M,2015,7,CT
M,2015,4,CT
F,2015,12,CT
F,2015,5,CT
F,2016,3,CT
M,2015,11,CT
M,2015,11,CT
M,2015,2,CT
M,2015,8,CT
F,2015,7,CT
M,2015,7,CT
F,2015,4,CT
M,2015,4,CT
M,2015,1,CT
M,2015,10,CT
M,2015,10,CT
M,2015,6,CT
M,2015,10,CT
F,2015,8,CT
M,2015,9,CT
F,2015,4,CT
M,2015,12,CT
M,2015,7,CT
F,2015,1,CT
M,2015,1,CT
M,2015,11,CT
F,2015,10,CT
M,2015,4,CT
M,2015,4,CT
M,2015,11,CT
M,2015,4,CT
F,2015,4,CT
F,2015,4,CT
M,2015,5,CT
F,2015,9,CT
M,2015,9,CT
M,2015,10,CT
M,2015,3,CT
M,2015,3,CT
F,2015,11,CT
M,2015,11,CT
F,2015,11,CT
F,2015,11,CT
M,2015,11,CT
M,2015,11,CT
M,2015,7,CT
F,2015,7,CT
M,2015,7,CT
M,2015,4,CT
M,2015,5,CT
M,2015,9,CT
F,2015,9,CT
F,2015,9,CT
M,2015,9,CT
F,2015,9,CT
F,2015,9,CT
F,2015,6,CT
M,2015,6,CT
F,2015,8,CT
F,2015,8,CT
M,2015,11,CT
M,2015,7,CT
F,2015,10,CT
F,2015,1,CT
M,2015,2,CT
M,2015,6,CT
F,2015,6,CT
M,2015,2,CT
M,2015,6,CT
M,2015,8,CT
M,2015,1,CT
M,2015,7,CT
M,2015,8,CT
M,2015,8,CT
M,2015,11,CT
F,2015,12,CT
M,2015,9,CT
M,2015,9,CT
M,2015,10,CT
M,2015,10,CT
M,2015,2,CT
M,2015,2,CT
M,2015,6,CT
M,2015,5,CT
M,2015,5,CT
M,2015,7,CT
M,2015,4,CT
M,2015,9,CT
M,2015,5,CT
M,2015,6,CT
M,2015,11,CT
M,2015,11,CT
M,2015,9,CT
F,2015,5,CT
M,2015,8,CT
M,2015,8,CT
M,2015,8,CT
F,2015,3,CT
M,2015,1,CT
M,2015,1,CT
M,2015,1,CT
M,2015,4,CT
F,2015,5,CT
F,2015,4,CT
M,2015,2,CT
F,2015,2,CT
M,2015,3,CT
F,2015,3,CT
M,2015,2,CT
M,2015,2,CT
M,2015,11,CT
M,2015,10,CT
M,2015,10,CT
F,2015,10,CT
M,2015,10,CT
M,2015,11,CT
M,2015,7,CT
M,2015,7,CT
M,2015,7,CT
M,2015,6,CT
M,2015,6,CT
M,2015,6,CT
M,2015,6,CT
F,2015,6,CT
M,2015,3,CT
F,2015,3,CT
M,2015,3,CT
M,2015,3,CT
M,2015,2,CT
M,2015,7,CT
M,2015,12,CT
M,2015,12,CT
M,2015,12,CT
F,2015,12,CT
M,2015,12,CT
M,2015,11,CT
F,2015,11,CT
F,2015,10,CT
M,2015,10,CT
M,2015,10,CT
M,2015,10,CT
M,2015,8,CT
M,2015,9,CT
M,2015,8,CT
M,2015,8,CT
M,2015,8,CT
M,2015,8,CT
M,2015,8,CT
F,2015,8,CT
M,2015,8,CT
F,2015,8,CT
F,2015,7,CT
M,2015,7,CT
M,2015,7,CT
M,2015,7,CT
M,2015,11,CT
M,2015,11,CT
F,2015,11,CT
M,2015,11,CT
M,2015,3,CT
M,2015,3,CT
M,2015,4,CT
M,2015,3,CT
F,2015,3,CT
M,2015,3,CT
M,2015,3,CT
M,2015,3,CT
F,2015,2,CT
F,2015,2,CT
M,2015,2,CT
M,2015,2,CT
M,2015,2,CT
F,2015,2,CT
M,2015,1,CT
M,2015,1,CT
M,2015,1,CT
M,2015,12,CT
F,2015,12,CT
M,2015,12,CT
M,2015,12,CT
F,2015,4,CT
M,2015,4,CT
M,2015,4,CT
F,2015,4,CT
M,2015,5,CT
F,2015,5,CT
M,2015,5,CT
F,2015,5,CT
M,2015,5,CT
F,2015,5,CT
M,2015,5,CT
F,2015,5,CT
F,2015,5,CT
F,2015,5,CT
F,2015,5,CT
F,2015,6,CT
M,2015,6,CT
F,2015,6,CT
M,2015,6,CT
M,2015,6,CT
M,2015,6,CT
M,2015,6,CT
F,2015,6,CT
F,2015,6,CT
M,2015,9,CT
F,2015,9,CT
F,2015,9,CT
M,2015,9,CT
F,2015,9,CT
F,2015,9,CT
F,2015,9,CT
F,2015,9,CT
F,2015,9,CT
M,2015,9,CT
M,2015,9,CT
F,2015,3,CT
M,2015,9,CT
M,2015,9,CT
F,2015,10,CT
F,2015,4,CT
M,2015,4,CT
M,2015,4,CT
F,2015,4,CT
F,2015,6,CT
F,2015,6,CT
M,2015,7,CT
F,2015,8,CT
F,2015,2,CT
F,2015,2,CT
F,2015,2,CT
M,2015,2,CT
M,2015,2,CT
F,2015,2,CT
F,2015,2,CT
M,2015,12,CT
M,2015,12,CT
M,2015,11,CT
M,2015,11,CT
M,2015,11,CT
F,2015,5,CT
M,2015,9,CT
F,2015,1,CT
F,2015,1,CT
M,2015,8,CT
M,2015,2,CT
M,2015,10,CT
M,2015,10,CT
F,2015,10,CT
F,2015,4,CT
M,2015,2,CT
F,2015,4,CT
F,2015,4,CT
M,2015,3,CT
M,2015,3,CT
F,2015,7,CT
M,2015,7,CT
M,2015,4,CT
M,2015,11,CT
M,2015,11,CT
M,2015,11,CT
M,2015,6,CT
M,2015,6,CT
M,2015,6,CT
M,2015,6,CT
M,2015,6,CT
M,2015,4,CT
F,2015,4,CT
F,2015,4,CT
F,2015,4,CT
M,2015,1,CT
M,2015,1,CT
M,2015,2,CT
M,2015,2,CT
M,2015,8,CT
M,2015,8,CT
M,2015,5,CT
M,2015,9,CT
F,2015,5,CT
M,2015,1,CT
F,2015,11,CT
F,2015,10,CT
M,2015,10,CT
M,2015,10,CT
M,2015,8,CT
M,2015,8,CT
F,2015,1,CT
M,2015,8,CT
M,2015,8,CT
F,2015,7,CT
M,2015,10,CT
M,2015,6,CT
M,2015,9,CT
F,2015,12,CT
M,2015,11,CT
M,2015,11,CT
M,2015,11,CT
F,2016,7,CT
F,2015,11,CT
M,2015,9,CT
M,2015,6,CT
M,2015,6,CT
M,2015,5,CT
M,2015,5,CT
M,2015,1,CT
M,2015,4,CT
M,2015,12,CT
M,2015,2,CT
M,2015,2,CT
M,2015,5,CT
M,2015,10,CT
M,2015,10,CT
M,2015,10,CT
M,2015,11,CT
M,2015,12,CT
M,2015,2,CT
M,2015,1,CT
M,2015,1,CT
M,2015,1,CT
M,2015,8,CT
M,2015,3,CT
M,2015,3,CT
M,2015,9,CT
F,2015,11,CT
M,2015,6,CT
M,2015,6,CT
M,2015,5,CT
M,2015,9,CT
M,2015,9,CT
M,2015,6,CT
F,2016,12,CT
M,2016,1,CT
M,2016,1,CT
M,2016,4,CT
M,2016,1,CT
M,2016,1,CT
M,2016,2,CT
M,2016,2,CT
M,2016,2,CT
M,2016,3,CT
F,2016,3,CT
M,2016,5,CT
F,2016,5,CT
M,2016,5,CT
F,2016,6,CT
F,2016,8,CT
F,2016,8,CT
M,2016,8,CT
F,2016,8,CT
M,2016,10,CT
M,2016,10,CT
M,2016,10,CT
M,2016,11,CT
F,2016,12,CT
M,2016,12,CT
M,2016,7,CT
M,2016,2,CT
M,2016,2,CT
F,2016,3,CT
F,2016,6,CT
M,2016,8,CT
M,2016,9,CT
M,2016,10,CT
F,2016,10,CT
M,2016,11,CT
M,2016,3,CT
M,2016,3,CT
M,2016,3,CT
M,2016,3,CT
M,2016,4,CT
M,2016,4,CT
M,2016,4,CT
M,2016,4,CT
M,2016,5,CT
M,2016,5,CT
F,2016,6,CT
M,2016,6,CT
M,2016,6,CT
M,2016,7,CT
M,2016,8,CT
M,2016,9,CT
F,2016,9,CT
M,2016,10,CT
M,2016,10,CT
M,2016,10,CT
M,2016,10,CT
M,2016,11,CT
M,2016,12,CT
M,2016,3,CT
F,2016,5,CT
M,2016,5,CT
M,2016,5,CT
M,2016,5,CT
M,2016,5,CT
M,2016,6,CT
M,2016,6,CT
M,2016,6,CT
M,2016,6,CT
F,2016,6,CT
M,2016,6,CT
M,2016,6,CT
F,2016,7,CT
F,2016,7,CT
M,2016,7,CT
M,2016,7,CT
M,2016,8,CT
M,2016,8,CT
F,2016,8,CT
M,2016,9,CT
F,2016,9,CT
M,2016,10,CT
M,2016,10,CT
M,2016,11,CT
M,2016,11,CT
M,2016,11,CT
F,2016,11,CT
M,2016,11,CT
F,2016,11,CT
M,2016,12,CT
M,2016,12,CT
M,2016,12,CT
M,2016,1,CT
M,2016,3,CT
M,2016,3,CT
M,2016,8,CT
M,2016,12,CT
F,2016,1,CT
M,2016,2,CT
M,2016,3,CT
M,2016,4,CT
M,2016,10,CT
M,2016,10,CT
M,2016,11,CT
F,2016,2,CT
M,2016,2,CT
F,2016,2,CT
F,2016,2,CT
M,2016,2,CT
F,2016,2,CT
M,2016,3,CT
F,2016,4,CT
F,2016,4,CT
M,2016,4,CT
F,2016,5,CT
M,2016,5,CT
M,2016,7,CT
M,2016,7,CT
M,2016,7,CT
F,2016,8,CT
M,2016,8,CT
M,2016,9,CT
M,2016,9,CT
M,2016,12,CT
F,2016,11,CT
F,2016,8,CT
M,2016,10,CT
F,2016,10,CT
M,2016,5,CT
M,2016,7,CT
F,2016,3,CT
M,2016,7,CT
M,2016,3,CT
M,2016,1,CT
M,2016,3,CT
F,2016,12,CT
M,2016,1,CT
F,2016,12,CT
M,2016,3,CT
M,2016,7,CT
M,2016,7,CT
F,2016,11,CT
M,2016,11,CT
M,2016,12,CT
F,2016,12,CT
F,2016,12,CT
M,2016,1,CT
M,2016,1,CT
F,2016,1,CT
F,2016,1,CT
M,2016,1,CT
M,2016,1,CT
M,2016,1,CT
M,2016,1,CT
M,2016,1,CT
M,2016,2,CT
M,2016,2,CT
M,2016,2,CT
M,2016,2,CT
F,2016,2,CT
M,2016,2,CT
M,2016,2,CT
M,2016,2,CT
M,2016,2,CT
F,2016,2,CT
M,2016,2,CT
M,2016,3,CT
F,2016,3,CT
M,2016,3,CT
M,2016,3,CT
F,2016,3,CT
M,2016,3,CT
F,2016,3,CT
M,2016,3,CT
F,2016,3,CT
M,2016,3,CT
F,2016,3,CT
M,2016,3,CT
F,2016,4,CT
M,2016,4,CT
M,2016,4,CT
F,2016,4,CT
M,2016,4,CT
M,2016,4,CT
M,2016,12,CT
F,2016,5,CT
F,2016,5,CT
M,2016,6,CT
F,2016,6,CT
F,2016,6,CT
M,2016,7,CT
F,2016,7,CT
M,2016,8,CT
M,2016,7,CT
M,2016,7,CT
F,2016,7,CT
M,2016,8,CT
M,2016,8,CT
M,2016,9,CT
M,2016,9,CT
M,2016,9,CT
M,2016,11,CT
M,2016,9,CT
M,2016,10,CT
M,2016,10,CT
M,2016,10,CT
F,2016,10,CT
M,2016,10,CT
M,2016,11,CT
M,2016,11,CT
M,2016,11,CT
M,2016,11,CT
M,2016,11,CT
M,2016,11,CT
M,2016,11,CT
M,2016,12,CT
M,2016,12,CT
M,2016,12,CT
M,2016,12,CT
F,2016,2,CT
M,2016,3,CT
F,2016,3,CT
M,2016,3,CT
M,2016,1,CT
M,2016,12,CT
M,2016,5,CT
M,2016,12,CT
M,2016,1,CT
M,2016,1,CT
M,2016,7,CT
M,2016,4,CT
F,2016,7,CT
M,2016,7,CT
F,2016,8,CT
M,2016,9,CT
F,2016,8,CT
M,2016,6,CT
M,2016,2,CT
M,2016,5,CT
F,2016,8,CT
F,2016,1,CT
M,2016,1,CT
M,2016,1,CT
M,2016,1,CT
F,2016,4,CT
M,2016,4,CT
M,2016,8,CT
M,2016,9,CT
M,2016,10,CT
M,2016,10,CT
M,2016,11,CT
M,2016,1,CT
M,2016,3,CT
M,2016,9,CT
M,2016,7,CT
M,2016,1,CT
F,2016,1,CT
M,2016,1,CT
M,2016,3,CT
M,2016,3,CT
M,2016,5,CT
M,2016,9,CT
M,2016,9,CT
M,2016,9,CT
M,2016,9,CT
F,2016,9,CT
M,2016,9,CT
M,2016,9,CT
M,2016,9,CT
M,2016,10,CT
M,2016,10,CT
M,2016,10,CT
M,2016,11,CT
M,2016,12,CT
M,2016,12,CT
F,2016,7,CT
M,2016,1,CT
M,2016,3,CT
M,2016,7,CT
M,2016,1,CT
F,2016,1,CT
M,2016,1,CT
F,2016,1,CT
M,2016,2,CT
M,2016,2,CT
M,2016,2,CT
M,2016,2,CT
M,2016,4,CT
F,2016,4,CT
M,2016,3,CT
M,2016,3,CT
M,2016,3,CT
F,2016,3,CT
M,2016,3,CT
M,2016,3,CT
F,2016,4,CT
M,2016,5,CT
M,2016,5,CT
M,2016,6,CT
F,2016,6,CT
F,2016,6,CT
M,2016,6,CT
F,2016,6,CT
M,2016,8,CT
F,2016,8,CT
M,2016,8,CT
M,2016,9,CT
M,2016,9,CT
M,2016,9,CT
M,2016,9,CT
M,2016,10,CT
M,2016,10,CT
F,2016,10,CT
M,2016,11,CT
M,2016,11,CT
M,2016,12,CT
F,2016,1,CT
F,2016,3,CT
M,2016,3,CT
M,2016,3,CT
M,2016,3,CT
M,2016,3,CT
M,2016,6,CT
M,2016,6,CT
M,2016,6,CT
M,2016,10,CT
F,2016,10,CT
M,2016,3,CT
M,2016,12,CT
M,2016,5,CT
M,2016,2,CT
F,2016,3,CT
F,2016,3,CT
F,2016,5,CT
F,2016,5,CT
M,2016,6,CT
M,2016,7,CT
M,2016,7,CT
F,2016,7,CT
M,2016,8,CT
F,2016,8,CT
M,2016,8,CT
M,2016,9,CT
M,2016,9,CT
M,2016,10,CT
M,2016,10,CT
M,2016,10,CT
F,2016,12,CT
F,2016,3,CT
M,2016,5,CT
M,2016,9,CT
M,2016,3,CT
M,2016,3,CT
M,2016,4,CT
M,2016,4,CT
M,2016,1,CT
M,2016,4,CT
F,2016,5,CT
M,2016,6,CT
M,2016,8,CT
M,2016,10,CT
F,2016,1,CT
M,2016,2,CT
M,2016,2,CT
M,2016,2,CT
M,2016,2,CT
M,2016,5,CT
M,2016,4,CT
F,2016,4,CT
M,2016,4,CT
M,2016,4,CT
M,2016,4,CT
F,2016,5,CT
M,2016,6,CT
M,2016,7,CT
M,2016,7,CT
M,2016,9,CT
M,2016,9,CT
F,2016,9,CT
F,2016,9,CT
M,2016,9,CT
M,2016,9,CT
F,2016,9,CT
M,2016,10,CT
F,2016,10,CT
M,2016,11,CT
M,2016,11,CT
M,2016,11,CT
M,2016,11,CT
M,2016,11,CT
M,2016,11,CT
M,2016,11,CT
M,2016,11,CT
M,2017,1,CT
M,2016,12,CT
M,2016,12,CT
M,2016,1,CT
M,2016,1,CT
F,2016,11,CT
F,2016,1,CT
M,2016,3,CT
M,2016,4,CT
M,2016,7,CT
M,2016,9,CT
M,2016,3,CT
M,2016,9,CT
M,2016,1,CT
M,2016,1,CT
M,2016,1,CT
M,2016,1,CT
F,2016,1,CT
M,2016,2,CT
M,2016,2,CT
M,2016,2,CT
M,2016,2,CT
F,2016,2,CT
M,2016,2,CT
M,2016,2,CT
M,2016,2,CT
M,2016,2,CT
M,2016,3,CT
F,2016,3,CT
M,2016,3,CT
M,2016,3,CT
M,2016,3,CT
M,2016,3,CT
M,2016,3,CT
F,2016,4,CT
M,2016,4,CT
F,2016,4,CT
M,2016,4,CT
F,2016,4,CT
M,2016,4,CT
F,2016,4,CT
M,2016,4,CT
M,2016,5,CT
M,2016,5,CT
M,2016,5,CT
M,2016,5,CT
M,2016,5,CT
F,2016,5,CT
M,2016,5,CT
M,2016,5,CT
F,2016,5,CT
M,2016,5,CT
M,2016,5,CT
M,2016,6,CT
M,2016,6,CT
F,2016,6,CT
M,2016,8,CT
M,2016,6,CT
M,2016,6,CT
M,2016,6,CT
F,2016,6,CT
F,2016,6,CT
F,2016,6,CT
F,2016,6,CT
M,2016,6,CT
M,2016,7,CT
M,2016,7,CT
M,2016,7,CT
M,2016,8,CT
M,2016,8,CT
M,2016,8,CT
F,2016,8,CT
M,2016,8,CT
F,2016,8,CT
M,2016,8,CT
M,2016,9,CT
M,2016,9,CT
F,2016,9,CT
F,2016,9,CT
M,2016,9,CT
M,2016,9,CT
M,2016,10,CT
M,2016,10,CT
F,2016,10,CT
M,2016,10,CT
M,2016,10,CT
M,2016,10,CT
M,2016,10,CT
M,2016,11,CT
M,2016,11,CT
M,2016,11,CT
F,2016,12,CT
F,2016,12,CT
M,2016,12,CT
F,2016,12,CT
M,2016,12,CT
F,2016,12,CT
M,2016,1,CT
M,2016,1,CT
M,2016,1,CT
M,2016,1,CT
M,2016,1,CT
M,2016,2,CT
M,2016,4,CT
F,2016,4,CT
M,2016,4,CT
F,2016,4,CT
F,2016,4,CT
M,2016,5,CT
M,2016,5,CT
F,2016,6,CT
M,2016,6,CT
M,2016,7,CT
F,2016,8,CT
F,2016,9,CT
F,2016,9,CT
M,2016,9,CT
M,2016,9,CT
M,2016,9,CT
F,2016,9,CT
M,2016,10,CT
M,2016,10,CT
F,2016,10,CT
F,2016,10,CT
F,2016,10,CT
F,2016,10,CT
M,2016,11,CT
F,2016,11,CT
M,2016,11,CT
M,2016,6,CT
M,2016,11,CT
M,2016,12,CT
M,2016,12,CT
M,2016,7,CT
F,2016,8,CT
M,2016,8,CT
F,2016,10,CT
M,2016,11,CT
M,2016,11,CT
M,2016,12,CT
M,2016,12,CT
F,2016,4,CT
F,2016,8,CT
M,2016,8,CT
M,2016,10,CT
M,2016,9,CT
M,2017,1,CT
M,2016,11,CT
M,2016,11,CT
M,2016,1,CT
M,2016,12,CT
F,2016,12,CT
F,2016,9,CT
M,2016,11,CT
M,2016,11,CT
F,2016,7,CT
M,2016,1,CT
M,2016,3,CT
M,2016,3,CT
M,2016,5,CT
M,2016,5,CT
M,2016,6,CT
F,2016,8,CT
M,2016,9,CT
M,2016,9,CT
F,2016,7,CT
F,2016,9,CT
F,2016,10,CT
M,2016,10,CT
M,2016,4,CT
M,2016,4,CT
M,2016,10,CT
M,2016,4,CT
M,2016,4,CT
M,2016,7,CT
F,2016,12,CT
F,2016,2,CT
M,2016,3,CT
M,2016,3,CT
F,2016,3,CT
F,2016,3,CT
F,2016,4,CT
M,2016,4,CT
F,2016,5,CT
M,2016,6,CT
M,2016,8,CT
M,2016,10,CT
M,2016,8,CT
M,2016,1,CT
M,2016,9,CT
M,2016,9,CT
F,2016,9,CT
M,2016,2,CT
M,2016,3,CT
M,2016,7,CT
M,2016,7,CT
M,2016,7,CT
M,2016,9,CT
M,2016,10,CT
M,2016,12,CT
M,2016,5,CT
F,2016,5,CT
F,2016,12,CT
M,2017,9,CT
M,2017,8,CT
M,2017,1,CT
M,2017,5,CT
M,2017,11,CT
F,2017,10,CT
M,2017,1,CT
M,2017,1,CT
F,2017,1,CT
M,2017,1,CT
M,2017,9,CT
M,2017,10,CT
M,2017,7,CT
F,2017,8,CT
M,2017,8,CT
M,2017,7,CT
F,2017,10,CT
F,2017,10,CT
M,2017,10,CT
M,2017,9,CT
M,2017,10,CT
M,2017,12,CT
M,2017,12,CT
M,2017,4,CT
M,2017,8,CT
M,2017,7,CT
F,2017,10,CT
M,2017,8,CT
M,2017,10,CT
M,2017,9,CT
M,2017,8,CT
M,2017,5,CT
M,2017,6,CT
M,2017,10,CT
M,2017,2,CT
M,2017,1,CT
M,2017,1,CT
F,2017,1,CT
M,2017,9,CT
M,2017,1,CT
F,2017,1,CT
M,2017,1,CT
M,2017,8,CT
F,2017,9,CT
M,2017,6,CT
F,2017,6,CT
M,2017,6,CT
F,2017,2,CT
F,2017,5,CT
F,2017,1,CT
F,2017,3,CT
M,2017,11,CT
M,2017,7,CT
M,2017,7,CT
F,2017,5,CT
M,2017,7,CT
M,2017,8,CT
M,2017,3,CT
M,2017,8,CT
F,2017,6,CT
M,2017,6,CT
M,2017,3,CT
F,2017,4,CT
F,2017,4,CT
M,2017,4,CT
F,2017,3,CT
M,2017,6,CT
F,2017,6,CT
M,2017,6,CT
M,2017,11,CT
M,2017,3,CT
M,2017,11,CT
M,2017,5,CT
F,2017,2,CT
M,2017,7,CT
M,2017,7,CT
F,2017,6,CT
M,2017,9,CT
M,2017,6,CT
M,2017,9,CT
F,2017,7,CT
M,2017,4,CT
F,2017,7,CT
F,2017,9,CT
M,2017,6,CT
F,2017,6,CT
F,2017,12,CT
M,2017,9,CT
M,2017,9,CT
M,2017,2,CT
M,2017,2,CT
F,2017,3,CT
M,2017,3,CT
M,2017,4,CT
M,2017,7,CT
M,2017,7,CT
F,2017,8,CT
F,2017,5,CT
F,2017,10,CT
M,2017,10,CT
M,2018,1,CT
M,2018,4,CT
F,2017,12,CT
M,2017,11,CT
F,2017,6,CT
F,2017,6,CT
M,2017,5,CT
M,2017,4,CT
M,2017,3,CT
M,2017,8,CT
F,2017,10,CT
F,2017,10,CT
M,2017,11,CT
M,2017,9,CT
F,2017,9,CT
M,2017,10,CT
F,2017,11,CT
M,2017,7,CT
F,2017,7,CT
M,2017,12,CT
M,2017,4,CT
M,2017,11,CT
M,2017,9,CT
M,2017,3,CT
M,2017,12,CT
M,2017,6,CT
M,2017,5,CT
M,2017,1,CT
F,2017,5,CT
M,2017,5,CT
M,2017,5,CT
M,2017,2,CT
M,2017,6,CT
M,2017,7,CT
F,2017,9,CT
M,2017,9,CT
M,2017,8,CT
M,2017,8,CT
M,2017,7,CT
M,2017,12,CT
M,2017,4,CT
M,2017,4,CT
M,2017,8,CT
M,2017,5,CT
F,2017,4,CT
M,2017,9,CT
M,2017,6,CT
M,2017,6,CT
M,2017,11,CT
M,2017,11,CT
M,2017,8,CT
F,2017,7,CT
M,2017,7,CT
M,2017,12,CT
M,2017,10,CT
M,2017,10,CT
M,2017,10,CT
F,2017,10,CT
M,2017,11,CT
M,2017,5,CT
M,2017,3,CT
M,2017,11,CT
M,2017,11,CT
M,2017,9,CT
M,2017,8,CT
M,2017,8,CT
F,2017,7,CT
M,2017,7,CT
M,2017,7,CT
F,2017,7,CT
M,2017,8,CT
F,2017,8,CT
M,2017,8,CT
F,2017,10,CT
M,2017,12,CT
F,2017,11,CT
F,2017,6,CT
M,2017,4,CT
M,2017,3,CT
M,2017,7,CT
F,2017,12,CT
M,2017,4,CT
M,2017,12,CT
M,2017,2,CT
M,2017,8,CT
F,2017,6,CT
M,2017,12,CT
M,2017,12,CT
M,2017,3,CT
M,2017,2,CT
M,2017,1,CT
F,2017,1,CT
M,2017,1,CT
M,2017,2,CT
F,2017,2,CT
M,2017,6,CT
F,2017,8,CT
M,2017,9,CT
M,2017,9,CT
F,2017,9,CT
M,2017,9,CT
M,2017,9,CT
M,2017,5,CT
M,2017,9,CT
M,2017,8,CT
M,2017,12,CT
F,2017,11,CT
M,2017,3,CT
M,2017,5,CT
M,2017,5,CT
M,2017,6,CT
M,2017,2,CT
M,2017,6,CT
M,2017,9,CT
M,2017,10,CT
M,2017,11,CT
M,2017,7,CT
M,2017,12,CT
M,2017,5,CT
M,2017,5,CT
M,2017,8,CT
M,2017,10,CT
M,2017,12,CT
M,2017,8,CT
F,2017,7,CT
M,2017,8,CT
F,2017,12,CT
F,2017,3,CT
M,2017,12,CT
M,2017,11,CT
M,2017,6,CT
M,2017,10,CT
F,2017,8,CT
M,2017,7,CT
M,2017,8,CT
F,2017,11,CT
M,2017,11,CT
F,2017,9,CT
M,2017,9,CT
F,2017,11,CT
M,2017,3,CT
F,2017,2,CT
M,2017,6,CT
F,2017,5,CT
M,2017,7,CT
F,2017,10,CT
M,2017,12,CT
M,2017,12,CT
F,2017,11,CT
F,2017,5,CT
M,2017,6,CT
F,2017,8,CT
M,2017,9,CT
M,2017,11,CT
M,2017,5,CT
M,2017,2,CT
M,2017,3,CT
M,2017,9,CT
M,2017,9,CT
F,2018,1,CT
M,2017,7,CT
M,2017,12,CT
F,2017,2,CT
F,2017,2,CT
M,2017,5,CT
M,2017,2,CT
M,2017,9,CT
M,2017,9,CT
F,2017,9,CT
F,2017,9,CT
M,2017,4,CT
M,2017,8,CT
M,2017,7,CT
M,2017,9,CT
M,2017,12,CT
M,2017,12,CT
M,2017,11,CT
M,2017,11,CT
F,2017,9,CT
M,2017,4,CT
M,2017,5,CT
F,2017,6,CT
M,2017,5,CT
M,2017,5,CT
M,2017,6,CT
M,2017,3,CT
M,2017,8,CT
F,2017,3,CT
M,2017,9,CT
M,2017,8,CT
M,2017,8,CT
F,2017,8,CT
M,2017,12,CT
M,2017,3,CT
M,2017,3,CT
M,2017,6,CT
F,2017,7,CT
F,2017,7,CT
F,2017,7,CT
M,2017,12,CT
M,2017,7,CT
M,2017,7,CT
M,2017,5,CT
F,2017,5,CT
F,2017,6,CT
F,2017,7,CT
F,2017,11,CT
F,2017,12,CT
M,2017,12,CT
F,2017,12,CT
M,2017,9,CT
M,2017,8,CT
M,2017,5,CT
M,2017,5,CT
F,2017,4,CT
F,2017,9,CT
M,2017,4,CT
M,2017,3,CT
M,2017,3,CT
M,2017,9,CT
F,2017,11,CT
F,2017,11,CT
F,2017,5,CT
F,2017,11,CT
M,2017,7,CT
M,2017,7,CT
M,2017,8,CT
M,2017,10,CT
F,2017,9,CT
M,2017,8,CT
M,2017,7,CT
M,2017,12,CT
F,2017,10,CT
F,2018,1,CT
F,2017,8,CT
M,2017,7,CT
F,2017,11,CT
M,2017,10,CT
F,2017,7,CT
F,2017,7,CT
M,2017,7,CT
M,2017,6,CT
M,2017,10,CT
M,2017,9,CT
M,2017,7,CT
F,2017,6,CT
M,2017,2,CT
M,2017,2,CT
M,2017,3,CT
M,2017,1,CT
F,2017,8,CT
M,2017,8,CT
M,2017,7,CT
F,2017,10,CT
M,2017,12,CT
M,2017,11,CT
F,2017,7,CT
F,2017,7,CT
M,2017,8,CT
F,2017,9,CT
M,2017,10,CT
M,2017,9,CT
M,2017,8,CT
M,2017,6,CT
M,2017,4,CT
F,2017,6,CT
M,2017,8,CT
M,2017,9,CT
F,2017,9,CT
M,2017,8,CT
M,2017,10,CT
M,2017,12,CT
M,2017,12,CT
F,2017,11,CT
M,2017,5,CT
F,2017,8,CT
M,2017,10,CT
M,2017,6,CT
M,2017,9,CT
F,2017,9,CT
M,2017,7,CT
M,2017,10,CT
M,2017,12,CT
M,2017,10,CT
F,2017,10,CT
M,2017,6,CT
F,2017,4,CT
F,2017,8,CT
M,2017,8,CT
F,2017,8,CT
M,2017,10,CT
F,2017,7,CT
M,2017,12,CT
M,2017,7,CT
M,2017,7,CT
M,2017,7,CT
M,2017,9,CT
F,2017,9,CT
M,2017,1,CT
M,2017,2,CT
M,2017,1,CT
M,2017,2,CT
M,2017,9,CT
F,2017,7,CT
M,2017,11,CT
F,2017,6,CT
M,2017,6,CT
F,2017,3,CT
M,2017,3,CT
F,2017,7,CT
M,2017,12,CT
M,2017,12,CT
F,2017,12,CT
M,2017,11,CT
M,2017,7,CT
F,2017,10,CT
M,2017,7,CT
M,2017,7,CT
M,2017,5,CT
M,2017,4,CT
M,2017,3,CT
M,2017,5,CT
M,2017,11,CT
M,2017,9,CT
F,2017,11,CT
M,2017,5,CT
M,2017,2,CT
F,2017,6,CT
M,2017,8,CT
F,2017,5,CT
M,2017,7,CT
M,2017,12,CT
M,2017,10,CT
F,2017,6,CT
M,2017,7,CT
F,2017,6,CT
F,2017,4,CT
M,2017,5,CT
M,2017,1,CT
F,2017,10,CT
F,2017,1,CT
M,2017,1,CT
M,2017,1,CT
M,2017,1,CT
F,2017,1,CT
F,2017,1,CT
M,2017,12,CT
M,2017,11,CT
M,2017,12,CT
F,2017,11,CT
M,2017,11,CT
M,2017,3,CT
M,2017,2,CT
M,2017,1,CT
M,2017,1,CT
M,2017,1,CT
M,2017,2,CT
M,2017,1,CT
M,2017,1,CT
F,2017,1,CT
M,2017,8,CT
M,2017,7,CT
F,2017,7,CT
M,2017,7,CT
M,2017,9,CT
F,2017,9,CT
M,2017,8,CT
F,2017,1,CT
M,2017,3,CT
F,2017,3,CT
M,2017,1,CT
M,2017,1,CT
M,2017,1,CT
M,2017,1,CT
M,2017,1,CT
F,2017,2,CT
M,2017,2,CT
F,2017,2,CT
M,2017,5,CT
M,2017,3,CT
F,2017,2,CT
M,2017,3,CT
M,2017,8,CT
M,2017,7,CT
M,2017,3,CT
M,2017,5,CT
F,2017,2,CT
M,2017,4,CT
F,2017,5,CT
M,2017,6,CT
M,2017,4,CT
M,2017,8,CT
F,2017,4,CT
M,2017,4,CT
M,2017,6,CT
F,2017,8,CT
M,2017,2,CT
M,2017,2,CT
M,2017,1,CT
M,2017,3,CT
M,2017,2,CT
F,2017,1,CT
M,2017,5,CT
M,2017,3,CT
M,2017,10,CT
M,2017,7,CT
M,2017,11,CT
M,2017,3,CT
F,2017,1,CT
M,2017,1,CT
M,2017,2,CT
F,2017,10,CT
M,2017,1,CT
M,2017,6,CT
M,2017,8,CT
M,2017,7,CT
M,2017,7,CT
M,2017,10,CT
F,2017,11,CT
F,2017,11,CT
F,2017,3,CT
F,2017,8,CT
M,2017,10,CT
M,2017,10,CT
M,2017,6,CT
M,2017,4,CT
F,2017,10,CT
M,2017,10,CT
M,2017,7,CT
M,2017,9,CT
M,2017,8,CT
M,2017,6,CT
F,2017,2,CT
M,2017,8,CT
M,2017,9,CT
M,2017,8,CT
M,2017,5,CT
M,2017,9,CT
F,2017,9,CT
M,2017,7,CT
M,2017,1,CT
F,2017,5,CT
M,2017,2,CT
F,2017,5,CT
M,2017,5,CT
F,2017,4,CT
M,2017,3,CT
F,2017,6,CT
M,2017,4,CT
M,2017,4,CT
F,2017,3,CT
M,2017,2,CT
M,2017,3,CT
M,2017,2,CT
M,2017,4,CT
M,2017,3,CT
M,2017,4,CT
F,2017,5,CT
M,2017,5,CT
M,2017,2,CT
F,2017,4,CT
F,2017,6,CT
M,2017,1,CT
F,2017,5,CT
M,2017,6,CT
M,2017,6,CT
F,2017,2,CT
F,2017,3,CT
F,2017,5,CT
M,2017,3,CT
M,2017,3,CT
M,2017,2,CT
F,2017,5,CT
M,2017,6,CT
M,2017,5,CT
M,2017,5,CT
F,2017,5,CT
F,2017,5,CT
M,2017,5,CT
M,2017,3,CT
M,2017,2,CT
F,2017,4,CT
F,2017,6,CT
M,2017,5,CT
F,2017,5,CT
M,2017,4,CT
F,2017,4,CT
M,2017,2,CT
M,2017,4,CT
M,2017,2,CT
M,2017,6,CT
M,2018,12,CT
F,2018,6,CT
M,2018,7,CT
F,2018,8,CT
M,2018,7,CT
M,2018,9,CT
M,2018,5,CT
M,2018,2,CT
M,2018,2,CT
M,2018,8,CT
M,2018,3,CT
M,2018,11,CT
F,2018,5,CT
M,2018,5,CT
M,2018,3,CT
M,2018,3,CT
M,2018,6,CT
M,2018,8,CT
M,2018,7,CT
F,2018,7,CT
M,2018,7,CT
F,2018,2,CT
F,2018,2,CT
M,2018,2,CT
M,2018,3,CT
F,2018,2,CT
M,2018,7,CT
M,2019,2,CT
M,2018,3,CT
F,2018,7,CT
M,2018,2,CT
M,2018,8,CT
M,2018,7,CT
M,2018,4,CT
M,2018,4,CT
F,2018,2,CT
M,2018,6,CT
M,2018,6,CT
F,2018,4,CT
M,2018,1,CT
M,2018,5,CT
M,2018,2,CT
F,2018,1,CT
M,2018,6,CT
F,2018,4,CT
F,2018,4,CT
F,2018,11,CT
M,2018,12,CT
M,2018,6,CT
M,2018,8,CT
M,2018,2,CT
M,2018,7,CT
F,2018,3,CT
M,2018,4,CT
M,2018,3,CT
M,2018,6,CT
M,2018,6,CT
F,2018,3,CT
M,2018,5,CT
M,2018,5,CT
M,2018,2,CT
M,2018,8,CT
M,2018,10,CT
M,2018,10,CT
M,2018,7,CT
M,2018,2,CT
M,2018,6,CT
F,2018,6,CT
M,2018,7,CT
M,2018,2,CT
F,2018,8,CT
M,2018,6,CT
M,2018,8,CT
M,2018,7,CT
M,2018,4,CT
M,2018,3,CT
F,2018,7,CT
M,2018,7,CT
F,2018,7,CT
F,2018,2,CT
M,2018,5,CT
F,2018,5,CT
M,2018,5,CT
M,2018,9,CT
M,2018,9,CT
F,2018,4,CT
M,2018,9,CT
F,2018,8,CT
M,2018,10,CT
M,2018,4,CT
F,2018,7,CT
F,2018,5,CT
M,2018,5,CT
F,2018,7,CT
M,2018,2,CT
M,2018,2,CT
M,2018,9,CT
M,2018,4,CT
F,2018,4,CT
F,2018,8,CT
M,2018,6,CT
M,2018,6,CT
F,2018,3,CT
M,2018,1,CT
M,2018,4,CT
M,2018,4,CT
M,2018,6,CT
M,2018,5,CT
M,2018,2,CT
M,2018,5,CT
M,2018,5,CT
M,2018,8,CT
F,2018,6,CT
M,2018,9,CT
F,2018,10,CT
M,2018,4,CT
F,2018,5,CT
F,2018,5,CT
M,2018,5,CT
M,2018,2,CT
M,2018,9,CT
M,2018,1,CT
F,2018,6,CT
M,2018,8,CT
F,2018,8,CT
M,2018,6,CT
M,2018,9,CT
M,2018,9,CT
F,2018,9,CT
M,2018,4,CT
M,2018,6,CT
F,2018,4,CT
M,2018,11,CT
M,2018,1,CT
M,2018,7,CT
M,2018,4,CT
M,2018,8,CT
M,2018,9,CT
M,2018,5,CT
M,2018,3,CT
M,2018,6,CT
M,2018,2,CT
M,2018,2,CT
M,2018,10,CT
M,2019,1,CT
M,2018,11,CT
M,2018,1,CT
M,2018,7,CT
F,2018,8,CT
M,2018,2,CT
M,2018,2,CT
M,2018,6,CT
M,2018,3,CT
F,2018,3,CT
F,2018,3,CT
F,2018,1,CT
M,2018,7,CT
F,2018,7,CT
F,2018,4,CT
M,2018,10,CT
M,2018,9,CT
M,2018,7,CT
F,2018,9,CT
M,2018,4,CT
M,2018,2,CT
F,2018,4,CT
M,2018,8,CT
F,2018,6,CT
M,2018,11,CT
M,2018,3,CT
F,2018,2,CT
M,2018,4,CT
M,2018,6,CT
M,2018,3,CT
M,2018,3,CT
M,2018,11,CT
F,2018,1,CT
F,2018,6,CT
M,2018,4,CT
F,2018,10,CT
M,2018,8,CT
F,2018,8,CT
M,2018,11,CT
F,2018,8,CT
F,2018,10,CT
F,2018,7,CT
M,2018,4,CT
M,2018,6,CT
M,2018,9,CT
M,2018,11,CT
M,2018,6,CT
M,2018,10,CT
F,2018,9,CT
M,2018,8,CT
M,2018,7,CT
M,2018,6,CT
M,2018,1,CT
F,2018,3,CT
F,2018,6,CT
M,2019,1,CT
F,2018,6,CT
M,2018,11,CT
F,2018,2,CT
M,2018,9,CT
M,2018,9,CT
M,2018,9,CT
M,2018,4,CT
F,2018,7,CT
M,2018,4,CT
F,2018,3,CT
M,2018,8,CT
M,2018,4,CT
M,2018,11,CT
M,2018,4,CT
M,2018,5,CT
F,2018,5,CT
F,2018,5,CT
M,2018,5,CT
F,2018,11,CT
M,2018,6,CT
F,2018,6,CT
M,2018,4,CT
M,2018,4,CT
M,2018,11,CT
F,2018,1,CT
M,2018,1,CT
M,2018,8,CT
F,2018,2,CT
M,2018,8,CT
F,2018,9,CT
M,2018,10,CT
M,2018,12,CT
M,2018,12,CT
F,2018,5,CT
M,2018,2,CT
M,2018,9,CT
F,2018,8,CT
F,2018,12,CT
M,2018,12,CT
M,2018,10,CT
F,2018,11,CT
F,2019,1,CT
F,2018,4,CT
F,2018,5,CT
M,2018,12,CT
M,2018,12,CT
M,2018,7,CT
M,2018,12,CT
M,2018,12,CT
M,2018,8,CT
M,2018,6,CT
M,2018,6,CT
M,2018,9,CT
M,2018,9,CT
F,2018,7,CT
M,2018,10,CT
M,2018,8,CT
F,2019,1,CT
M,2018,9,CT
F,2018,5,CT
F,2018,11,CT
F,2018,10,CT
M,2018,7,CT
F,2018,8,CT
M,2018,5,CT
M,2018,3,CT
M,2018,6,CT
M,2018,11,CT
M,2018,9,CT
M,2018,1,CT
M,2018,3,CT
M,2018,8,CT
M,2018,5,CT
M,2018,3,CT
F,2018,5,CT
F,2019,2,CT
M,2018,2,CT
M,2018,2,CT
M,2018,2,CT
M,2018,11,CT
F,2018,11,CT
M,2018,8,CT
M,2018,8,CT
M,2018,2,CT
M,2018,2,CT
M,2018,7,CT
M,2018,3,CT
F,2018,7,CT
M,2018,5,CT
M,2018,5,CT
F,2018,4,CT
M,2018,4,CT
M,2018,12,CT
F,2018,3,CT
M,2018,8,CT
F,2018,10,CT
M,2018,12,CT
M,2018,2,CT
M,2018,8,CT
M,2018,6,CT
M,2018,3,CT
M,2018,5,CT
F,2018,6,CT
M,2018,6,CT
M,2018,9,CT
F,2018,11,CT
M,2018,12,CT
M,2018,4,CT
M,2018,6,CT
M,2018,1,CT
M,2018,11,CT
M,2018,5,CT
F,2018,9,CT
F,2018,6,CT
F,2018,3,CT
F,2018,12,CT
M,2018,2,CT
F,2018,6,CT
F,2018,3,CT
M,2018,7,CT
F,2018,4,CT
M,2018,9,CT
F,2018,10,CT
M,2018,11,CT
M,2018,5,CT
M,2018,3,CT
F,2018,1,CT
M,2018,3,CT
M,2018,4,CT
M,2018,1,CT
M,2018,2,CT
M,2018,2,CT
F,2018,2,CT
M,2018,8,CT
M,2018,8,CT
M,2018,8,CT
M,2018,9,CT
F,2018,9,CT
F,2018,9,CT
M,2018,1,CT
M,2018,4,CT
F,2018,5,CT
F,2018,6,CT
M,2018,7,CT
M,2018,10,CT
M,2018,9,CT
F,2018,8,CT
F,2018,11,CT
M,2018,6,CT
F,2018,9,CT
F,2018,4,CT
M,2018,4,CT
F,2018,4,CT
M,2018,4,CT
M,2018,2,CT
M,2018,6,CT
M,2018,4,CT
F,2018,12,CT
M,2019,1,CT
F,2018,10,CT
M,2018,3,CT
M,2018,8,CT
M,2018,8,CT
M,2018,2,CT
M,2018,8,CT
M,2018,9,CT
M,2018,6,CT
M,2018,11,CT
M,2018,4,CT
F,2018,4,CT
M,2018,5,CT
M,2018,8,CT
M,2018,5,CT
M,2018,6,CT
M,2018,5,CT
M,2018,9,CT
M,2018,4,CT
F,2018,10,CT
F,2018,4,CT
M,2018,12,CT
F,2018,11,CT
F,2018,9,CT
M,2018,9,CT
M,2018,11,CT
F,2018,12,CT
M,2018,3,CT
F,2018,2,CT
M,2018,10,CT
M,2018,10,CT
F,2018,8,CT
F,2018,1,CT
M,2018,2,CT
M,2018,2,CT
M,2018,11,CT
M,2018,6,CT
F,2018,1,CT
F,2018,7,CT
M,2018,8,CT
M,2018,12,CT
F,2018,12,CT
M,2018,12,CT
M,2018,11,CT
M,2018,12,CT
F,2018,10,CT
M,2018,10,CT
M,2018,11,CT
M,2018,4,CT
M,2018,1,CT
M,2018,2,CT
F,2018,10,CT
M,2018,10,CT
M,2018,7,CT
M,2018,12,CT
M,2018,11,CT
M,2018,8,CT
M,2018,10,CT
M,2018,11,CT
M,2018,9,CT
M,2018,10,CT
M,2018,9,CT
M,2018,3,CT
F,2018,2,CT
M,2018,1,CT
F,2018,10,CT
M,2018,7,CT
M,2018,3,CT
F,2018,6,CT
F,2018,10,CT
M,2018,12,CT
F,2018,9,CT
M,2018,1,CT
M,2018,8,CT
M,2018,1,CT
M,2018,1,CT
M,2018,12,CT
F,2018,4,CT
M,2018,11,CT
M,2018,11,CT
F,2018,1,CT
M,2018,11,CT
M,2018,11,CT
M,2018,7,CT
F,2018,10,CT
F,2018,11,CT
M,2018,1,CT
F,2018,8,CT
M,2018,8,CT
F,2018,8,CT
M,2018,1,CT
M,2018,3,CT
F,2018,3,CT
M,2018,4,CT
M,2018,9,CT
M,2018,8,CT
M,2018,8,CT
F,2018,4,CT
M,2018,4,CT
F,2018,9,CT
M,2018,11,CT
M,2018,6,CT
F,2018,7,CT
F,2018,7,CT
M,2018,4,CT
M,2018,5,CT
F,2018,5,CT
M,2018,10,CT
M,2018,11,CT
F,2018,11,CT
F,2018,11,CT
M,2018,9,CT
M,2018,10,CT
M,2018,10,CT
M,2018,10,CT
F,2018,7,CT
M,2018,12,CT
M,2018,5,CT
F,2018,9,CT
M,2018,9,CT
F,2018,9,CT
F,2018,10,CT
M,2018,10,CT
F,2018,9,CT
F,2018,10,CT
M,2018,8,CT
M,2018,11,CT
M,2018,11,CT
F,2018,12,CT
M,2018,1,CT
M,2018,9,CT
M,2018,9,CT
F,2018,1,CT
M,2018,1,CT
M,2018,8,CT
M,2018,10,CT
F,2018,1,CT
M,2018,5,CT
F,2018,12,CT
M,2018,9,CT
M,2018,11,CT
F,2018,11,CT
F,2018,2,CT
M,2018,2,CT
M,2018,1,CT
F,2018,1,CT
M,2018,1,CT
M,2018,12,CT
M,2018,12,CT
M,2018,12,CT
M,2018,4,CT
F,2018,7,CT
M,2018,2,CT
M,2018,10,CT
M,2018,1,CT
M,2018,7,CT
F,2018,8,CT
F,2018,9,CT
F,2018,3,CT
M,2018,7,CT
M,2018,3,CT
F,2018,11,CT
F,2018,6,CT
M,2018,4,CT
M,2018,7,CT
M,2018,5,CT
F,2018,7,CT
F,2018,1,CT
M,2018,1,CT
M,2018,3,CT
M,2018,4,CT
M,2018,2,CT
M,2018,1,CT
M,2018,4,CT
M,2018,4,CT
M,2018,4,CT
M,2018,8,CT
F,2018,3,CT
F,2018,2,CT
F,2018,6,CT
M,2018,6,CT
M,2018,5,CT
M,2018,6,CT
F,2018,4,CT
M,2018,5,CT
M,2018,1,CT
M,2018,1,CT
M,2018,1,CT
M,2018,1,CT
F,2019,1,CT
M,2019,11,CT
M,2019,2,CT
M,2019,4,CT
F,2019,2,CT
M,2019,7,CT
M,2019,1,CT
M,2019,2,CT
M,2019,2,CT
M,2019,4,CT
F,2019,2,CT
M,2019,4,CT
M,2019,4,CT
M,2019,12,CT
F,2019,12,CT
M,2019,8,CT
M,2019,12,CT
M,2020,2,CT
F,2019,12,CT
M,2019,7,CT
M,2019,3,CT
F,2019,2,CT
M,2019,3,CT
F,2019,4,CT
M,2019,1,CT
M,2019,3,CT
F,2019,2,CT
M,2019,2,CT
M,2019,8,CT
M,2019,3,CT
F,2019,3,CT
F,2019,2,CT
M,2019,3,CT
M,2019,5,CT
F,2019,4,CT
M,2019,9,CT
M,2019,9,CT
M,2019,9,CT
M,2019,12,CT
M,2019,5,CT
M,2019,5,CT
M,2019,10,CT
M,2019,5,CT
M,2019,2,CT
F,2019,5,CT
M,2019,3,CT
F,2019,1,CT
M,2019,2,CT
F,2019,7,CT
M,2019,2,CT
M,2019,2,CT
F,2019,10,CT
M,2019,10,CT
M,2019,9,CT
M,2019,2,CT
F,2019,3,CT
F,2019,4,CT
F,2019,7,CT
M,2019,10,CT
M,2019,8,CT
F,2019,3,CT
M,2019,2,CT
M,2019,1,CT
M,2019,1,CT
M,2019,1,CT
M,2019,9,CT
M,2019,2,CT
M,2019,5,CT
M,2019,1,CT
M,2019,4,CT
M,2019,2,CT
M,2019,9,CT
F,2019,3,CT
M,2019,1,CT
F,2019,2,CT
M,2019,3,CT
M,2019,9,CT
M,2019,1,CT
F,2019,1,CT
M,2019,6,CT
M,2019,9,CT
M,2019,10,CT
M,2019,3,CT
M,2019,1,CT
M,2019,8,CT
M,2019,6,CT
M,2019,2,CT
M,2019,5,CT
F,2019,1,CT
M,2019,1,CT
M,2019,8,CT
M,2019,8,CT
M,2019,8,CT
M,2019,1,CT
M,2019,2,CT
M,2019,2,CT
F,2019,1,CT
F,2019,8,CT
M,2019,8,CT
M,2019,9,CT
M,2019,7,CT
M,2019,9,CT
M,2019,2,CT
M,2019,1,CT
F,2019,10,CT
F,2019,9,CT
F,2019,6,CT
F,2019,5,CT
M,2019,7,CT
M,2019,3,CT
F,2019,8,CT
M,2019,8,CT
F,2019,11,CT
F,2019,10,CT
M,2019,4,CT
F,2019,6,CT
F,2019,7,CT
M,2019,5,CT
M,2019,1,CT
M,2019,11,CT
F,2019,9,CT
M,2019,7,CT
M,2019,7,CT
M,2019,9,CT
M,2019,8,CT
F,2019,8,CT
M,2019,11,CT
M,2019,6,CT
M,2019,5,CT
M,2019,7,CT
M,2019,8,CT
M,2019,9,CT
M,2019,9,CT
M,2019,8,CT
F,2019,6,CT
F,2019,5,CT
F,2019,11,CT
M,2019,9,CT
F,2019,9,CT
F,2019,9,CT
F,2019,7,CT
M,2019,6,CT
F,2019,8,CT
M,2019,8,CT
M,2019,5,CT
M,2019,5,CT
F,2019,5,CT
M,2019,12,CT
M,2019,12,CT
M,2019,7,CT
F,2019,12,CT
M,2019,11,CT
M,2019,10,CT
M,2019,8,CT
F,2019,10,CT
M,2019,4,CT
F,2019,7,CT
F,2019,11,CT
F,2019,10,CT
M,2019,9,CT
M,2019,10,CT
M,2019,11,CT
M,2019,11,CT
F,2019,8,CT
M,2019,8,CT
F,2019,11,CT
M,2019,12,CT
M,2019,11,CT
F,2019,12,CT
M,2019,12,CT
F,2019,9,CT
M,2019,8,CT
F,2019,8,CT
M,2019,9,CT
M,2019,8,CT
M,2019,10,CT
M,2019,9,CT
M,2019,8,CT
F,2019,12,CT
M,2019,3,CT
M,2019,3,CT
F,2019,10,CT
M,2019,12,CT
F,2019,6,CT
M,2019,8,CT
M,2019,7,CT
M,2019,6,CT
M,2019,12,CT
F,2019,6,CT
F,2019,4,CT
M,2019,12,CT
M,2019,12,CT
M,2019,8,CT
M,2019,8,CT
M,2019,3,CT
M,2019,7,CT
M,2019,9,CT
F,2019,11,CT
M,2019,11,CT
M,2019,8,CT
F,2019,11,CT
F,2019,12,CT
M,2019,11,CT
M,2019,4,CT
M,2019,8,CT
F,2019,8,CT
F,2019,5,CT
M,2019,6,CT
M,2019,3,CT
F,2019,12,CT
M,2019,9,CT
M,2019,10,CT
M,2019,8,CT
M,2019,8,CT
M,2019,12,CT
M,2019,11,CT
M,2019,10,CT
F,2019,5,CT
M,2019,5,CT
M,2019,3,CT
M,2019,9,CT
M,2019,9,CT
F,2019,1,CT
M,2019,1,CT
M,2019,1,CT
M,2019,8,CT
F,2019,8,CT
M,2019,8,CT
F,2019,9,CT
M,2019,12,CT
M,2019,5,CT
M,2019,6,CT
M,2019,8,CT
M,2019,2,CT
M,2019,3,CT
F,2019,4,CT
M,2019,4,CT
M,2019,3,CT
M,2019,11,CT
M,2019,10,CT
M,2019,12,CT
F,2019,11,CT
M,2019,11,CT
M,2019,11,CT
M,2019,7,CT
F,2019,11,CT
F,2019,11,CT
M,2019,8,CT
M,2019,9,CT
F,2019,6,CT
F,2019,6,CT
F,2019,9,CT
M,2019,11,CT
F,2019,5,CT
M,2019,5,CT
M,2019,9,CT
M,2019,8,CT
F,2019,8,CT
M,2019,6,CT
F,2019,5,CT
M,2019,10,CT
F,2019,6,CT
M,2019,10,CT
F,2019,10,CT
M,2019,7,CT
M,2019,7,CT
F,2019,7,CT
M,2019,6,CT
F,2019,7,CT
F,2019,7,CT
M,2019,10,CT
M,2019,12,CT
F,2019,1,CT
M,2019,9,CT
M,2019,9,CT
M,2019,10,CT
M,2019,1,CT
M,2019,2,CT
F,2019,10,CT
M,2019,10,CT
M,2019,5,CT
F,2019,7,CT
M,2019,5,CT
F,2019,8,CT
M,2019,2,CT
F,2019,5,CT
M,2019,5,CT
F,2019,8,CT
F,2019,9,CT
F,2019,11,CT
M,2019,10,CT
M,2019,9,CT
M,2019,11,CT
M,2019,3,CT
F,2019,3,CT
F,2019,8,CT
M,2019,4,CT
M,2019,3,CT
F,2019,4,CT
M,2019,3,CT
F,2019,3,CT
M,2019,4,CT
F,2019,6,CT
M,2019,4,CT
F,2019,4,CT
F,2019,6,CT
M,2019,8,CT
M,2019,12,CT
F,2019,3,CT
M,2019,3,CT
F,2019,4,CT
F,2019,4,CT
M,2019,5,CT
M,2019,6,CT
M,2019,5,CT
F,2019,3,CT
M,2019,12,CT
M,2019,11,CT
M,2019,8,CT
F,2019,8,CT
M,2019,12,CT
M,2019,1,CT
M,2019,2,CT
F,2019,3,CT
F,2019,3,CT
M,2019,1,CT
M,2019,1,CT
M,2019,9,CT
F,2019,9,CT
M,2019,9,CT
F,2019,8,CT
M,2019,6,CT
M,2019,6,CT
F,2019,6,CT
M,2019,6,CT
M,2019,7,CT
M,2019,3,CT
M,2019,11,CT
M,2019,11,CT
M,2019,9,CT
M,2019,8,CT
M,2019,1,CT
M,2019,1,CT
M,2019,1,CT
M,2019,1,CT
M,2019,3,CT
M,2019,3,CT
M,2019,3,CT
F,2019,7,CT
F,2019,5,CT
M,2019,6,CT
M,2019,5,CT
F,2019,2,CT
M,2019,8,CT
F,2019,11,CT
M,2019,11,CT
M,2019,1,CT
F,2019,1,CT
M,2019,2,CT
F,2019,1,CT
F,2019,5,CT
M,2019,7,CT
F,2019,5,CT
M,2019,5,CT
F,2019,7,CT
M,2019,4,CT
M,2019,11,CT
M,2019,11,CT
M,2019,8,CT
F,2019,11,CT
M,2019,4,CT
F,2019,2,CT
M,2019,3,CT
M,2019,2,CT
M,2019,3,CT
F,2019,12,CT
M,2019,10,CT
F,2019,3,CT
M,2019,4,CT
M,2019,5,CT
F,2019,12,CT
F,2019,6,CT
M,2019,7,CT
M,2019,7,CT
M,2019,7,CT
F,2019,7,CT
F,2019,6,CT
M,2019,6,CT
M,2019,7,CT
M,2019,12,CT
M,2019,11,CT
F,2019,9,CT
M,2019,4,CT
M,2019,1,CT
F,2019,7,CT
F,2019,1,CT
M,2019,6,CT
F,2019,6,CT
M,2019,12,CT
M,2019,6,CT
F,2019,3,CT
M,2019,9,CT
M,2019,8,CT
M,2019,2,CT
M,2019,5,CT
M,2019,2,CT
F,2019,7,CT
M,2019,11,CT
M,2019,10,CT
M,2019,2,CT
M,2019,5,CT
M,2019,2,CT
M,2019,4,CT
F,2019,6,CT
M,2019,6,CT
M,2019,10,CT
M,2019,11,CT
M,2019,5,CT
M,2019,10,CT
F,2019,5,CT
M,2019,2,CT
F,2019,6,CT
F,2019,8,CT
M,2019,7,CT
M,2019,11,CT
F,2019,11,CT
M,2019,9,CT
F,2019,11,CT
M,2019,6,CT
M,2019,7,CT
M,2019,6,CT
F,2019,6,CT
F,2019,5,CT
M,2019,9,CT
M,2019,6,CT
M,2019,10,CT
M,2019,11,CT
M,2019,6,CT
M,2019,6,CT
M,2019,6,CT
M,2019,5,CT
M,2019,5,CT
M,2019,5,CT
M,2019,4,CT
F,2019,9,CT
M,2019,4,CT
M,2019,10,CT
M,2019,7,CT
M,2019,6,CT
M,2019,6,CT
M,2019,4,CT
F,2019,5,CT
M,2019,6,CT
M,2019,6,CT
M,2019,7,CT
M,2019,10,CT
M,2019,2,CT
M,2019,12,CT
M,2020,1,CT
M,2019,12,CT
M,2019,12,CT
M,2019,10,CT
M,2019,10,CT
F,2019,6,CT
M,2019,7,CT
M,2019,7,CT
M,2019,5,CT
M,2019,11,CT
M,2019,10,CT
M,2019,8,CT
F,2019,7,CT
F,2019,5,CT
M,2019,7,CT
F,2019,7,CT
M,2019,3,CT
M,2019,3,CT
M,2019,5,CT
M,2019,5,CT
M,2019,8,CT
M,2019,6,CT
M,2019,8,CT
M,2019,9,CT
M,2019,9,CT
M,2019,9,CT
F,2019,5,CT
M,2019,7,CT
M,2019,6,CT
M,2019,12,CT
M,2019,9,CT
M,2019,6,CT
M,2019,9,CT
M,2019,6,CT
F,2019,9,CT
M,2019,6,CT
F,2019,9,CT
F,2019,9,CT
F,2019,9,CT
M,2019,10,CT
M,2019,7,CT
M,2019,10,CT
M,2019,10,CT
M,2019,8,CT
F,2019,8,CT
M,2019,10,CT
F,2019,6,CT
M,2019,11,CT
